{"learning_rate":0.001,"val_loss":0.802527129650116,"_runtime":770,"_wandb":{"runtime":770},"train_loss":0.900009959936142,"batch_loss":0.7983101010322571,"_step":149,"_timestamp":1.755254904017991e+09,"epoch":50}